info@a1.vi2software.com;Buy Now and Save 50% Off of Business Checks with Deluxe;                                                                 PROTECT YOUR BUSINESS WITH HIGH SECURITY CHECKS   						Small businesses lose over $600 billion a year to fraud. High Security checks keep your business from becoming a statistic.                                                       We sent this email to john@sharklasers.com. If you’d no longer like to receive emails, you can                             unsubscribe  at any time.                                                     Vi2 Software | 500 Westover Dr #8892 | Sanford, NC 27330                                                            
thalstead@cybrary.it;Notice:  Your Cybrary account will be deactivated in 5 days; It looks like your Cybrary account has been inactive for a while                                                                                                                                                                                               Hello Cybrarian,       It looks like your Cybrary account has been inactive for a while. We deactivate accounts  90 days  after last sign in for privacy and data retainment policies.         We would love for you to stay around.   All you need to do is sign into your account before Feb. 28th.                                                         SIGN IN HERE                                                         Did you know we launched our new   Cybrary platform  ?  Innumerable upgrades have been implemented like advanced catalog search, easier content discoverability, new user interface, and better app performance to improve your learning experience.   Lastly, you can access even more unlimited experiential learning and career development resources when you join   Insider Pro  . Get  40% OFF  with code  INSIDERPRO40  on an annual membership, or  30% OFF  with code  INSIDERPRO30  for monthly memberships.            Join today:    https://www.cybrary.it/upgrade/                                                          To your continued growth and success.          Trevor Halstead Cybrary President    www.cybrary.it                                                                                                                    © 2019 Cybrary, Inc. All Rights Reserved.          Get Support    | If you would like to unsubscribe, please    unsubscribe here    .                                          This email was sent to john@grr.la. If you no longer wish to receive these emails you may  unsubscribe  at any time.    
qa@stamps.com;[Test] Payment Confirmed;                                                                                                                                                                                                                                                             				                                                                                                                 Billed on:  Feb 25, 2019                              Invoice               942208                    John Testing                 1 Memorial Drive St. Louis, MO  63102 United States                                                                                          Thank You for Your ShipWorks Payment!                                       This email confirms your recent                   payment of $25.00 for your basic plan.                   Here are the details of your ShipWorks service:                                                                                                                                                                   Your plan:                         basic                                                                     Next invoice date:                         Feb 26, 2019                                                                                                    Date                                        Description                                                             Amount                                             Feb 25 – 26, 2019                                                             basic                                                              $25.00                                              Subtotal:                                            $25.00                                            Total:                                            $25.00                                                               Paid:                                            $25.00                                                               Total due:                                            $0.00                                                                                     Thank you for being a ShipWorks customer!                                                                     	  Supplies   |   Support   |   Forums   |   Blog   |   Contact                  © 2016   Interapptive, Inc.     One Memorial Dr., Suite 2000, St. Louis, MO 63102             
81gv807902162758214404617424791777@awesome.jailless.org;"This guy reveals how to get a &ldquo;rock hard&rdquo; boner in less than two weeks&hellip;";      This guy reveals how to get a ârock hardâ boner in less than two weeksâ¦                 
info@4d.com;4D World Tour also stops at Boston;"                                                                                   Boston     April 4 &amp; 5                                This year, 4D makes a pitstop in a city near you!      Enjoy this unique opportunity to meet the 4D team.  Increase your skill and learn more about 4D v17!           April 4         Presentations  and  demonstrations        •       9 am - 5 pm       Demo presentation databases provided  Welcome breakfast served at 8am, lunch and coffee-breaks         April 5        State-of-the-art     training        •       9 am - 5 pm       Training support with example base included  Welcome breakfast served at 8am, lunch and coffee-breaks                           Register Now                                                                4 Points Sheraton       1 Audubon Road,  Wakefield, MA                                                                                        If you have any question about the  #4DWorldTour ,     Contact your sales representative .   Phone: 408.557.4600                                                                                                                                                                                                                                                                 Copyright @ 2019 4D Inc. All rights reserved.   95 S. Market St – Suite #240 – San Jose, CA 95113  The address john@pokemail.net was sent this email as a part of the  Events  email list.  Unsubscribe  or  Select Preferred Lists                                          "
info@bloglovin.com;"How to Wear Workout Clothes To The Office &amp; other fashion inspo";"                        3 Ways To Wear Workout Clothes To The Office        #Health is a big goal for Team SOS this year but we find it hard to squeeze working out into our packed schedule. But we’re all about making it work, so that means sometimes we just have to go straight from a workout to work. Here are the ways we transform our workout outfit and … Continued The post 3 Ways To Wear Workout...    Read more             Winter Floral Dress + Creed Floralie      Pretty Little Shoppers      Happy Friday! I’ve been buried under a rock lately working on my new show The Fash Life and I’m just now coming up for air. I’ve been pouring my...    Read more         Must-Have: 70's Inspired Straight Leg Jeans      Le Fashion      Photo via: Matches Fashion Straight leg jeans (whether high waisted or low rise) have taken over the denim circuit. The past couple of seasons have...    Read more             LEVI’S DENIM // NEW FAVORITES      Atlantic-Pacific      Today is all about DENIM! I will be honest and say I am very, very picky about denim – so when I find a pair I like I remain loyal. My new favorite...    Read more         The Best 5 Brands For A Spring Style Refresh      DAMSEL IN DIOR      Spring is a lovely reminder of how beautiful a {wardrobe} change can be. Okay, okay, so maybe the quote doesn’t go quite exactly like that but I...    Read more            <a href=""https://www.bloglovin.com/blogs/le-fashion-39894/camel-blazer-outfit-youll-want-to-wear-all-6800461881?tb=dXNlcl9pZD0xODI5ODc1OSZ0bXBfbG9naW5fdG9rZW49ZXlKaGJHY2lPaUpJVXpJMU5pSjkuZXlKMWMyVnlJam9pTVRneU9UZzNOVGtpTENKbGVIQWlPakUxTlRFMk5UUXdNREFzSW0xaGFXeGZhV1FpT2lJMVl6YzBNMk15TlRWa1lqVmpJbjAua1o2ZUpQXzgyc19samdNMS1DcGVCTkN2dXZULWZGbHQ0TkpFS19rdUpaMCZjbGlja190cmFjayU1QmVtYWlsX2RhdGFfdmVyJTVEPTImY2xpY2tfdHJhY2slNUJlbWFpbF90eXBlJTVEPWhpZ2hsaWdodF9mYXNoaW9uJmNsaWNrX3RyYWNrJTVCZW1haWxfbmFtZSU1RD0yMDE5LWZlYi0yNC1zdW4tZmFzaGlvbndlZWtlbmQtd2Vlay0wOCZjbGlja190cmFjayU1QmVtYWlsX2JhdGNoX2lkJTVEPTc4NTEmY2xpY2tfdHJhY2slNUJlbWFpbF9pZGVudGlmaWVyJTVEPTVjNzQzYzI1NWRiNWMmY2xpY2tfdHJhY2slNUJlbWFpbF9ub3RpZmljYXRpb25fdHlwZSU1RD0xMzEwNzImY2xpY2tfdHJhY2slNUJlbWFpbF9zZW50X3RpbWVzdGFtcCU1RD0xNTUxMTIxNDQ1JmNsaWNrX3RyYWNrJTVCZW1haWxfb3V0Ym91bmRfc2VydmVyX2lwJTVEPTE5Mi4xNjguMTY4LjkxJmNsaWNrX3RyYWNrJTVCdXNlcl9pZCU1RD0xODI5ODc1OSZjbGlja190cmFjayU1QmlzX2FjdGl2ZSU1RD0wJmNsaWNrX3RyYWNrJTVCcGxhdGZvcm0lNUQ9ZW1haWwmY2xpY2tfdHJhY2slNUJibG9nX2lkJTVEPTM5ODk0JmNsaWNrX3RyYWNrJTVCcG9zdF9pZCU1RD02ODAwNDYxODgxJmNsaWNrX3RyYWNrJTVCY2xpY2tfdHlwZSU1RD1saW5rX3Bvc3QmY2xpY2tfdHJhY2slNUJwb3N0X3Bvc2l0aW9uJTVEPTUmY2xpY2tfdHJhY2slNUJldmVudCU1RD1jbGljayZmaW5hbF91cmw9aHR0cHMlM0ElMkYlMkZ3d3cuYmxvZ2xvdmluLmNvbSUyRmxpb"
8qj0525767385822096822761018168500@kilodyne.org;"◖50 &iacute;n 61 Days: &Nu;ew &Nu;&omicron; &Epsilon;xercise &#039;Skinny &Rho;ill&#039; &Mu;elts &Beta;elly Fat";      â50 Ã­n 61 Days: Îew ÎÎ¿ Îxercise 'Skinny Î¡ill' Îelts Îelly Fat                 
nielsatchesonacla@189-st-tel.net;I Missed Fuckbuddy Message; Eager to Hookup         Allison     Hi, are you still looking for a fuckbuddy? I really want someone to hook up with tonight... I'm good in bed and luv to give head :p My username is Alyssa84mezyruuwa, you can see my new pics  ***here***  
ettebackerkaaih@1st.net;Waiting for a Fuckbuddy; Waiting for a Fuckbuddy         Adelene     Hey r u around tonight? I horny as fuck and need that sweet reiease I'm e2/f with pouty lips and a tight pussy. Interested? My username is Adelynn52mdumoixok and my sxy photos are  ***here***  
semandersongac@1122gilford.com;I Missed Fuckbuddy Message; I Missed Hookup Call         Alexandria     Hey cutie, are u still looking for a fuckbuddy? I've been feeling so horny lately and just need a man to come over and fuck my pussy hard! Let me know if u want to hangout. Come say hi on my profiie page  *i hope you like my pictures*  
noreply@emergencyemail.org;WEATHER ALERT for VA - Nelson County on 2/25/2019;"                                                    A Severe Weather Alert has been issued in your area...                                                       CURRENT ALERT ..                                           Your Current Severe RADAR MAP Link        Your local forecast link       Breaking General News Link       Airports Closed or Delayed        Wind Advisory issued February 25 at 1:12PM EST until February 25 at 4:00PM EST by NWS Baltimore/Washington                                             ...WIND ADVISORY REMAINS IN EFFECT UNTIL 4 PM EST THIS AFTERNOON... * TIMING...Strong winds will continue through mid afternoon. * WINDS...West 25 to 35 mph with gusts up to 55 mph. * IMPACTS...Strong winds may blow down limbs, trees, and power lines. Scattered power outages are expected.                              ==========================  Services Description  ==========================  This service is provided at no cost to you.   1. Severe Weather Alerts that include current radar, weather conditions and forecast links.  2. In addition to alerts you may also receive daily AM and PM forecast information with a separate option to unsubscribe.       ==========================  Account Options:  ==========================  To make changes to your email profile go to  www.emergencyemail.org  click on the Update Link.                                                                                                                                                                            THE EMERGENCY EMAIL &amp; WIRELESS NETWORK                               Customer Service Department | Enotem, Inc.   P. O. Box 1446 | Orange Park, FL 32067-1446                                          If you do not want to receive these Severe Weather Alerts please click                Unsubscribe                                                                                                                "
ejuq-test.fa.sender@workflow.mail.ap1.cloud.oracle.com;FYI: Annual Performance Review 2019 for Peter P Was Created;                                             Annual Performance Review 2019                               Aarya TEST created the performance document Annual Performance Review 2019 for Peter P.   Go to performance document: Annual Performance Review 2019                                          
donotreply@smartdraw.com;Get it done with these tricks.; See how you can get things done by learning to shake it off, adjust deadlines, create incentives and more.                                                                                                                                                                             Five Secrets to Getting Stuff Done                                                                          The wall. We all hit it on occasion. For any number of possible reasons, we get stuck and just can't seem to get the things done that need to get done. See how you can get things done by learning to shake it off, adjust deadlines, create incentives and more.                               Read the Full Article                                             Get SmartDraw for the Lowest Price                                   Buy Today                                                                             You control the e-mail you get from SmartDraw Software:  Unlist    SmartDraw Software, LLC |  9909 Mira Mesa Blvd. | San Diego, CA 92131 | USA    ©1994-2019 SmartDraw, LLC                                                                                                              
specials@austinkayak.com;"Don&#039;t forget about FREE KAYAK SHIPPING!"; This great offer won't last forever    ‌ ‌ ‌ ‌ ‌ ‌ ‌ ‌ ‌ ‌ ‌ ‌ ‌ ‌ ‌ ‌ ‌ ‌ ‌ ‌ ‌ ‌ ‌ ‌ ‌ ‌ ‌ ‌ ‌ ‌ ‌ ‌ ‌ ‌ ‌ ‌ ‌ ‌ ‌ ‌ ‌ ‌ ‌ ‌ ‌ ‌ ‌ ‌ ‌ ‌ ‌ ‌ ‌ ‌ ‌ ‌ ‌ ‌ ‌ ‌ ‌ ‌ ‌ ‌ ‌ ‌ ‌ ‌ ‌ ‌ ‌ ‌  ‌ ‌ ‌ ‌ ‌ ‌ ‌ ‌ ‌ ‌ ‌ ‌ ‌ ‌ ‌ ‌ ‌ ‌ ‌ ‌ ‌ ‌ ‌ ‌ ‌ ‌ ‌ ‌ ‌ ‌ ‌ ‌ ‌ ‌ ‌ ‌ ‌ ‌ ‌ ‌ ‌ ‌ ‌                    Hurry! Free kayak shipping for a limited time            Trouble viewing? Click here to view in browser                           ACK.COM       KAYAKS       KAYAK FISHING       OUTLET       CONTACT                                                                                                                                                **Free shipping offer excludes Hobie, Blue Sky Boatworks, Wilderness Systems and Bonafide Kayaks as well as HI, AK and international orders. Contest Winner will be announced via email. Click link for more details.  Questions? Email: customer@ack.com.                      Click Here  to be removed from this list    
